filename,blur
aamnsxdfcsnrdkyczxnm.jpg,0
acgycwqzujjxrigweldc.jpg,0
achfvibipchzipmhtjow.jpg,1
adicqesamknapclvcesb.jpg,0
aefilcxppgkwhnusvziq.jpg,0
afbmymiwhhvozvwexzty.jpg,0
agsxpjnxlikqtitjyivk.jpg,0
ahhoaringspcwydusezm.jpg,0
ahqjkaowvephhufdlvgu.jpg,0
ajvtvvkutaphcgashzvg.jpg,0
akpedwlmvfgipnhviufr.jpg,0
ambstcwzvhqxqmocuryr.jpg,1
amcyvzprallpofwrugll.jpg,0
amrqjubcbdohtaqnvpps.jpg,0
anfevagjcqdjqmwwlmll.jpg,0
aokafwotfflenmfzyyuo.jpg,0
aokmotpfevqikpmwfqwu.jpg,0
aolwdjviypgegcstmhru.jpg,1
aowheuufqxlfkepkfpvq.jpg,0
aqjepqjnrymrwmlnvdaz.jpg,0
asccexyuuyrtistxedwx.jpg,1
atmycuvwoxgqwzarzdbu.jpg,0
atoinaiktqfxknqlnukb.jpg,0
avgbkpxmnbhcwsefrfkg.jpg,0
avyntacsmhdnozlckspe.jpg,0
axrwgapnnuhhugshgqut.jpg,0
axwqnvsyiuqhfygkwmmo.jpg,0
ayfgnuvqgptisrxcoqnq.jpg,0
aympdffhfzpyffrvvqqv.jpg,0
azhhybbdtoewbearimuo.jpg,1
azqyrckboqvjbhpfpiws.jpg,1
azvrvnfqanrhegrxkroh.jpg,0
baxlrhnrilyhfdqcakfw.jpg,0
bbcnocktbtqpxicaqmng.jpg,1
bbqqptgghbvomtxsywte.jpg,0
bbyjbobcyjzrmcwkrfcs.jpg,1
bdjididfhrbheuicevte.jpg,0
beekjrzbfngakpjqaemh.jpg,0
beomagnrhfsisfjbfssp.jpg,0
bfzdzfovffpckdgbyttd.jpg,1
bgfxvzqagcycfqqbfksn.jpg,0
biqwrzvglbxbhndhdfpm.jpg,0
bjiygszkqrycghuwsdme.jpg,0
bjrbrsmsnopjatlenpmk.jpg,0
bjwahkffgkhnhymblxxm.jpg,0
bkarmyfjvujywftstzap.jpg,0
blamwtalsacrzqkdzgwp.jpg,1
blwpotxpktaucsfgjkne.jpg,0
bmlfgszjiysqfvrpqrex.jpg,0
bnjtdfzagwkvtpmzzbrj.jpg,1
bnxzvzqlzlnnbxfkcuin.jpg,0
bokvyndjthzntknxaezo.jpg,0
bqujqogdxybnwmpvkgws.jpg,0
brayxthtjjpogblztpwr.jpg,0
brbntfonfyzzpubepugm.jpg,0
brhkskjxaltuplkduekb.jpg,0
brusfwkqdcoevwzqtqjm.jpg,0
brwxdhouysdqzpaellci.jpg,1
btjlbujvpejorkpxmxwk.jpg,0
btqsguzljzeqijyvbaru.jpg,0
buabusyljgjkvcclmbzi.jpg,0
bubphlsjnxrhzokhqlzt.jpg,0
bufbghzhgdgztfhplaek.jpg,1
buhygssmuijxlslkmnvh.jpg,0
bwdhdzcquvlpkpqlvgci.jpg,0
bwqfptjoxklrllobonzh.jpg,0
byrkvfswhgzpglwikazp.jpg,0
cbdbktubndponpzwhpvt.jpg,1
ccaswajyzazqgoecyulc.jpg,0
cdofnicgfwkkmhtlknqh.jpg,1
cerbjsyueeumsovpydvo.jpg,1
cfcrorbvsomiwwzttxus.jpg,1
cfleibdwzsanjpvcqexy.jpg,0
cfyggordhpckyigktfio.jpg,0
cguzzzvnheanxnfrkmtr.jpg,0
ciditffmiqnmbbxklcrw.jpg,0
cikwqtdkyvxoultdcuqt.jpg,0
citkdckqbdqmlkbcnnof.jpg,0
cjqeuthfgwbenhxwjquz.jpg,0
cjskoixfbxbduiijakzn.jpg,1
cjuajtevbfwfcrafqcdc.jpg,0
cjzmwrfzatdpaaapuuss.jpg,0
clrbniiljdfhxmkildut.jpg,0
cmhschjocmtmxxhfkxcs.jpg,0
cnenkslwwbgocnijlwxj.jpg,0
colmrwqpgabtxexgtzgy.jpg,0
cpexqavvktkyrrxrxwzp.jpg,0
cprkibrmofgvqsaalpzi.jpg,0
ctqhcusxkjcgnlugsphx.jpg,0
curxlqokritvivupbvae.jpg,1
cutxyylipojsjoidymvy.jpg,1
cuyrxdqnmrjtzjleabol.jpg,0
cvupuiieibnpyfdkipzl.jpg,1
cvwlzhpbguuglfgpsewz.jpg,0
cvwxlwpccxcxaiiityxt.jpg,0
cvyemelmctwiejfnlfpg.jpg,0
cvywfzbjpzovfipoaoct.jpg,1
cwdtymfhrpvxbzeukpba.jpg,0
cxniyfqjwcmbiknkzseo.jpg,1
cxspufsqkzcprmtorxpt.jpg,1
czepwdnwupifallqfkdu.jpg,1
czuxsqomfyyggkhequyy.jpg,0
daexmalfngbkissdhpkz.jpg,1
dbyqfobipkzoqdhisaui.jpg,0
dccwzocpllhckdsquktv.jpg,0
dhgqbhtozuesxwyconpq.jpg,1
dhnzmwmzoaagjfinnyad.jpg,0
diozqjcrfyqazbgrdgyg.jpg,0
dksixoyzixehufohddyz.jpg,0
dmbvylfophveiyaemchz.jpg,0
dmqahxuzuigkkyjrbanr.jpg,0
dmqmzuvyumfoucfblzro.jpg,0
dnhfbaxoxaivufzcorgb.jpg,0
dnxfjtkxdwutrsixnasw.jpg,0
dodocoomcrgxntvvijvx.jpg,0
dpruqgpcwdjjqnfxmizt.jpg,0
dqpgutxqklchvtqlhqme.jpg,0
dscjlkfreeefhfhxnvot.jpg,0
dsiduhbvpixxvycobvdl.jpg,0
dslikkgqpbcgfkymdcpp.jpg,1
dsyuzpzwzhlvxvqjcvda.jpg,0
dtmlchtshnukqbcxwgnm.jpg,0
dueldbepgnxacbmyalmi.jpg,1
dufxhphtkcneaaxcoqlf.jpg,1
duhklhliopmjqrrvebpw.jpg,0
dvglmxldnjwhubgmiqxd.jpg,1
dxhxlumnlgqzuafvxhax.jpg,0
dzfpznizsensebcwkjyb.jpg,0
dzhodeqegzhepdwgpymp.jpg,0
dzouceeoxvcavjkysvht.jpg,0
eaqxmtwjytssidisdfam.jpg,1
eaufgfyvsgpqypnspety.jpg,0
ebbimkeusnvntpkqedvl.jpg,0
eboyzwpcvislemzysmeb.jpg,0
ecbbvrsfqhsuimbkymyz.jpg,0
eenjodgpssbljeccbgdx.jpg,0
eeyaydrysujiislvigcx.jpg,0
eezlfnpcwckibvkbebie.jpg,0
efdclzzuobnwcqnynuwp.jpg,0
ehphrjwwrqhhdczudpho.jpg,1
eidavtckciwiknjylawh.jpg,0
eigzvglsrmspwcimcnpm.jpg,0
eimopgbaonevbsklqqmr.jpg,0
eirvpncabutrvlwveshx.jpg,0
ejfwkjphvcwturrelqon.jpg,0
ejfyqxzfnuryypfceokh.jpg,0
ejgrodzlnaxwirnyjvfu.jpg,0
ejzdmftwilwrwvxlehxr.jpg,1
ekhtqkmtwrkpbrndzlrs.jpg,0
eksgeyzhslmsgmoqgbdt.jpg,0
elhmmqeffqqiipaunttu.jpg,0
ellklyryoflqvdsqxqbe.jpg,0
elpfkaolfkgldualuios.jpg,1
elubrrwvkdedznaidqay.jpg,1
elvycskwzasvzeevlkjn.jpg,0
embslhqpiqpayeknyouz.jpg,1
enljvcjumlchhkneqnan.jpg,0
enoiazlvqekiqxfcihsu.jpg,0
epcbnbenvjvzuzlcucjl.jpg,0
eqmnjtacxzijgjzpuytl.jpg,1
equowkgwlzroxhcvmprn.jpg,1
erxpqrsijhoikaeorrxp.jpg,1
euccsukbzbnubrlboqdm.jpg,0
evedliddralbjkhycrzm.jpg,0
evoiokackvxsolkgzhnd.jpg,1
evuxfriescuopisfkimu.jpg,0
ewnriytbnebfxwmoelpy.jpg,0
excvarsvwsqsegphgetq.jpg,0
eymxkinudunmlvnfhlyg.jpg,0
ezvsyfloccbsutayyidu.jpg,1
faekpucuchuptfmjochf.jpg,1
fbgjjylockhoqblodqse.jpg,0
fbjnxsvpqgnvumdbupcg.jpg,1
fdqpwcoebcgwrakahvuc.jpg,0
ffafbdzoqwbjukvkvyph.jpg,1
fhfjnywssiddywpgcjec.jpg,1
fkbocbavdajijcikpkvg.jpg,0
fkoujrdmhuitiylzoudg.jpg,0
fmctwlvtywbxudwagxke.jpg,0
fnkjouiepdxqguzqlysa.jpg,1
fombbxrgcpycyjfqtgta.jpg,0
fovjsmkielpgirtexzjy.jpg,0
fowhycesaznbwgvebxqr.jpg,0
fqsrdzvgishrtfklhwik.jpg,1
fswtwwcbsemgjgxcxseh.jpg,0
ftaffshuxvtexizsymlu.jpg,0
fwtbtncwdmsrwwtgkiim.jpg,0
fxpvrfcoeuaxqvzmqrxg.jpg,0
fxqcfwpftoroyglysaks.jpg,1
fypnbvdjytoeycwfkbof.jpg,0
fzlcmpfpfqymcngmwgwg.jpg,1
fzlzcqhxvzrckmnvntfa.jpg,1
gapfyxdsjutjesqakqxo.jpg,0
gasrcbfrhcdhtriwjcvk.jpg,1
gbgqofiroaqsiehechup.jpg,0
gbyawdxamfqfinotvxik.jpg,0
gcgsnpzrwkjllaxpemix.jpg,0
gcolhgceouxnwofwqtse.jpg,1
gcumygqpczrsoktzhcxn.jpg,0
gdpdlnnpggazktiheqkr.jpg,0
gfvupvcwdvgvmcumbtpc.jpg,1
gggghhiiwpibeguqydpv.jpg,0
gjcbchzwwzhalelstrgf.jpg,0
gjldcpbzwqooapfqvnth.jpg,1
gkbwxmoxtodywedgvgei.jpg,1
gkqkwktrwapavlknxmwl.jpg,1
glcayauaezgueljpptkn.jpg,0
gmbsiygtbedxanchuzxo.jpg,1
gnllstkcsadxbivopbgj.jpg,0
gnpqjlwznprfzzacemkn.jpg,1
gnxjubfbvmtirxahnxcg.jpg,0
gnzcgtsidisvvtrdewbl.jpg,0
gomzvygffqiktnbdtyuu.jpg,0
goyijscvqgczkjintlxe.jpg,0
gquxunkuicmxdkmqhiji.jpg,1
grfhuyudhyjamiozobrw.jpg,1
grwudhhhgfkmegpunqpg.jpg,0
grzifiwxiqnwpptdqpzn.jpg,1
gsuavyiywupanhubikcd.jpg,0
gujkqmwpuelfoguykdko.jpg,0
gvkflshwzbjrxpgyewxy.jpg,0
gwfrocyrrikqyyxejhis.jpg,1
gwzvgsawsmfblkttfcuq.jpg,0
gyxusxmedrzuluhgnvco.jpg,0
habmbscmfxjezsrhbdoe.jpg,1
hahzuoiofxftftclcwca.jpg,0
hdgidhdwjosysbsmidtm.jpg,0
hdjerfhchodobzwjiotu.jpg,1
hesheiqzqdjvmtctvicv.jpg,0
hespqkawrnjiytsibffo.jpg,1
hgickigemldelqcogvfr.jpg,0
hgrrvhakkzyyadxhzedv.jpg,1
hhxjgoitttbylxwipvcm.jpg,1
hhyebyflshxradawipah.jpg,1
higmlqirjksxovamllqk.jpg,1
hisoulsaiwifhvuzigjm.jpg,0
hjsgkozzghmrlqvrpnpd.jpg,0
hkojclwrvasvijmwknha.jpg,1
hlaxqnowxihpxxzvkydj.jpg,0
hlpbcdzpkttpthfsgdev.jpg,1
hlxjtdswmckwvjpuqdfg.jpg,0
hmcfyyvlmewxiydjcnis.jpg,1
hmdjkcjmzaywsjzohcaf.jpg,0
hmohcpuywowofoehmhzo.jpg,0
hmzdaigslznqxxyxtysn.jpg,0
hndemjhnkqfdtuseletk.jpg,0
hpnkexumxklgdoxrsnlp.jpg,0
hqwoptxkhmuazjxpoyjt.jpg,0
hsotgdhdhnqtczyommpo.jpg,0
htpsjdnngvmkjduratxl.jpg,0
huayvjoskxwdzcouhosy.jpg,0
hufjsqsdnnmqgogoreey.jpg,1
hvagezydxlddblyullrf.jpg,0
hvxndfzdcevasvqtdwkg.jpg,0
hyliitymhmhdvjmlxhax.jpg,1
hynogkqncsbbwrdrmnjy.jpg,0
hzxlftrpgsnomzcbidlp.jpg,0
iagpcyhpcgofjbuysnmh.jpg,0
iauuambxmhxukalaepft.jpg,0
ibnlezbdbqhsuawwvevi.jpg,1
iddrtbxeewsozlcmykku.jpg,0
iducvyouevsurwjhtvkb.jpg,1
iejafhebncqcgirtfhmp.jpg,0
ihyfaoievvgnelhyapwc.jpg,1
ijlvlptdaaanxuhrpeut.jpg,0
imnbegdoeqztmlabsyfe.jpg,0
intrhkjmaaqohjrjuqeg.jpg,0
ioornzlhtzlqffzypgts.jpg,1
ipkoywwsovizhfncsklm.jpg,0
iqjpgkmhwvxwvcwqtkhk.jpg,0
iraamnvnqcitjydckxau.jpg,1
iszeyhqwdebjvjllgrkc.jpg,1
iutbriqerqskzbrbdyco.jpg,0
ivqlljesiulwnrgvbcxn.jpg,0
iwpjqwqggiwivsoicrxy.jpg,0
ixbswtabzyczzarfwavr.jpg,0
ixhanyqzzuifgdgywyml.jpg,0
jbivguzxjjdqlfnfhchc.jpg,1
jcvpbgszgixmebuigzym.jpg,0
jdefdmnjbtkdzjyzgaqt.jpg,0
jdscczvurbvtqmnwamlg.jpg,0
jeuqbzovwyqbnjdqsdjj.jpg,1
jexprcimpcddyhutnxxw.jpg,1
jgsuakvbvpoyqbybakea.jpg,1
jiedbbwgymvwzyopywjz.jpg,0
jjezszamxjvuxdotoqqs.jpg,0
jjtvvibtleyavnbvmgam.jpg,1
jkihrcpxymyoomwlhrvv.jpg,1
jkwnnqtnuiargwskbqfc.jpg,1
jkxeygtsfodfqeccgxsm.jpg,0
jlsjgydlcofelyvrpqql.jpg,0
jmghndwmnudlrgvzaevh.jpg,0
jnujizpfdqdglnritkcb.jpg,0
johvhherqnvirzmbqtkz.jpg,1
jokxsmrovwxpbpnusjbd.jpg,0
joqajbejnjwujozynvqt.jpg,0
jpaosufrhcafiycvtwuz.jpg,0
jpqlzlegmydaasilezzs.jpg,1
jttklexkpqehqhmreqav.jpg,0
jvwpxfubowwuukcbtzvn.jpg,1
jwgitepstujfeqemuqfv.jpg,1
jwmpmjspuaqxrucdpugi.jpg,0
jxuwwtxedfiwftxzecvh.jpg,0
jzqaavxlboxaqzgbpklu.jpg,1
jzyezvpmcfmulngrjcfr.jpg,0
kbyyfjtyrwgpfkfeqnon.jpg,0
kcuvqxkojpjnxoqjgrcx.jpg,0
kdnkblqbqfrmzlhwnlkt.jpg,0
kezsqmyyirxeoicxlevz.jpg,1
kffosllpmfaemdinijqx.jpg,1
kfojqxkiqqzvrtzacvjq.jpg,0
kfzuoyrdsncolxginnsx.jpg,0
kgqljfwcbkpwklikxlyz.jpg,0
khivlnxsznspxxclqqou.jpg,1
khqvtpebxxqvxlgtvaea.jpg,1
kihmqamsztgtfnyntzwx.jpg,0
kijgzicsohjluxqjfkzk.jpg,0
klpgqbqtwdvsotpdyxkq.jpg,0
klqqjqnnvyeemvkavivp.jpg,0
kmwyvgaflacvbkxmorta.jpg,0
kqdlsulfnkkokvpygzon.jpg,0
kqzopodoksrxmsghxfxq.jpg,1
krleerwemhoadfovsygk.jpg,0
kszlbvlzlvcecfmqsdrb.jpg,0
kugcowedbiowoalfjzmr.jpg,0
kusetfzhrhpecxtcryyo.jpg,0
kxhoopunpvpjncutssxr.jpg,1
lawmlbrfqogvztvzoeud.jpg,1
ldlqpodalyeodanwzfgc.jpg,0
ldybwsmrmkugsdqpnheb.jpg,1
lgaeespzjoadjrzkuphd.jpg,0
lgbhzcusqtpkvkzzdyjx.jpg,1
lgkprsrlczfcktbqyrnx.jpg,0
lhfdfdkcrepoougdxpta.jpg,1
ljgzfirsfwhcdkocuozu.jpg,0
lmzvhqiddenbcskmidpt.jpg,0
lnhouaiubslildofoiax.jpg,0
lnqvzncbctberewmmutx.jpg,0
lprdjalmttmitseuntir.jpg,0
lqbqinmjiflfmdvblamr.jpg,1
lqcoloayxcopirnevdcj.jpg,0
lqjpguhswizfgyxgitgr.jpg,1
lqrvnuzsvknlojsbnwao.jpg,1
lrwxewojgmdenxycrjpq.jpg,0
lsayplgreddsyvgtpijs.jpg,1
lsecbjohmshkzfyhwnvz.jpg,0
lsgvwtrfomheqbuicsux.jpg,1
lsoqioynrqlkciiyyecx.jpg,0
lsvxedldglknjtmulkcc.jpg,1
luyaebreqcctmzsfavud.jpg,0
lvljwdswffheuhpwteud.jpg,1
lwfeiyzckugcelrzljtg.jpg,0
lwsmccqxzdkonpdnzofl.jpg,0
lzzilkcdezfcvwwdreye.jpg,1
mafnvtgxzqzxskyqsssa.jpg,0
mazinfmjbwsclvemqoro.jpg,0
mbzmgqotxtyivsbmiqdf.jpg,0
mccihljzlksnufplknyo.jpg,1
mczcgyxcsahblsycynyt.jpg,0
mdbgywsbcvrnrzldrccc.jpg,0
mdpizxquijjcvquqkeuj.jpg,0
mekfuruzmybubtgttjjm.jpg,0
mewwfkogymchtnzgzjxe.jpg,1
meyhbflotbzqsykxiokb.jpg,1
mfilqdxwtolhmnvleybe.jpg,1
mfsrwqurpvgetivibbyg.jpg,0
mfvmxucqkqbqtprhtlid.jpg,0
mgfhevufmcljirfvsjet.jpg,1
mggyfsssfjuhnnuzjzjn.jpg,1
mgnyyxzqruwafujyttqm.jpg,0
mhcfehkynsmohqgnkwbh.jpg,0
mijfsegsoocdteepdurc.jpg,1
mjkbexvvaaqdcozstvbf.jpg,0
mkmhaaosbwlgecjjlfdf.jpg,1
mksdiqwavlwujcxbboee.jpg,0
mkwujbrfseevtiirbpgd.jpg,0
mldswcksdrurhqxqtwhe.jpg,0
mlneumwnayimgvomxlkw.jpg,0
mmdijabdinnzxixgkpez.jpg,0
mnegexrnjhqiezxgxhqh.jpg,1
momggphlkddgzvoyoiub.jpg,1
movfzbwrhyrkbhjaslbc.jpg,1
mpaxpvgyxjgzxudmuuir.jpg,1
mspkeatwihqzrorrkdey.jpg,0
mtauwiyubyuqfnagayaz.jpg,1
mtmwzobyazavhpccnmmk.jpg,1
mttwgkeumpwkigielkyo.jpg,0
mtvuyfoqqktornupmnqi.jpg,0
mxbqttvlrnhopynmljvq.jpg,0
myaztmrrbqishxqbcgdi.jpg,1
mygsqongbmsvyeipokqv.jpg,0
mzhfdjzggcrzcfssuany.jpg,0
mzprkgwzaxhshssmrpkb.jpg,0
mzsvtxzenmrcubecjsiz.jpg,0
mzvgcqaocxfthkjixtia.jpg,1
ncynflvqmzujqmtxorma.jpg,0
ndeerpkuyqbptejnxdit.jpg,1
ndfgefwgfbxyoqgychgy.jpg,0
ndnqtgwdbthcsplzfzmu.jpg,1
ndyeidvaqschfoefnevq.jpg,0
nflipvrpydcifdwlnttq.jpg,0
nftclefsgpubnuihcgav.jpg,1
ngqcrsqhnijqivonkifp.jpg,1
ngsrmajzkxkpcjvwqvyv.jpg,0
nhjvrdobcdudolccsbfu.jpg,0
nidltlkkfypccssjeizp.jpg,1
nitdhgrdlemypesgxzfr.jpg,0
njghlopgsurdpkdbirgm.jpg,1
nkikemfrjzylhoitjote.jpg,0
nlcrhlsdnbriryywbtds.jpg,0
nlhaguxtuyibykuvvzpd.jpg,0
nmozibaiclocosexadvo.jpg,1
nnsurakddskvdoiofyve.jpg,0
nqothkcxrcuhzmyxypdz.jpg,0
nrwhrdppxzsmfskmdbpl.jpg,1
ntmzebnnumhbdmxvraso.jpg,0
ntndfalcutscmmoxdwzo.jpg,0
nvnfaherfsujtfowdbkl.jpg,0
nwefentdmpcfvvgdidfm.jpg,1
nwgrfbahduwrigmmuitd.jpg,0
nxjimcgfrayyirgbyfjv.jpg,1
nxstrobpqhfapdhuqqcm.jpg,1
nymbnvpmmrvioyozurxn.jpg,1
nyqalzppmimpttbetbtb.jpg,0
oazyqymevzupcgnfqifz.jpg,0
objnunjysssojplubbgf.jpg,0
obvsuzdidtqwddjrfdww.jpg,0
ochlqecubuobettuvwdp.jpg,0
ocplzwzmojinombjabty.jpg,1
odhzrppimlwcoxdolnjg.jpg,1
odnjjnyvmrmkxyofmrtz.jpg,0
odnpyacwbhpfydevmvte.jpg,0
odpmddckdboimlkclskj.jpg,0
oeelfazwhejiyjccsmqn.jpg,1
oengpfjwojeprqivfeyz.jpg,0
oepjdzyuzlzwnjahfwzc.jpg,1
ofoaottwvludhuyropsn.jpg,1
ofwdruessnujzqjexyei.jpg,0
ohrwiupqwajxfpsoorkp.jpg,0
oibpckdipkfaowqpwalf.jpg,0
ojpeenpbtgpgugibecfy.jpg,0
ojxxwezxbehvwwtksaff.jpg,0
okwdkzpagrkknckqwghi.jpg,1
onotrkeirxodtyfksqrx.jpg,1
oohaeigmxlhesetuwmgb.jpg,1
ooxcmvjjythzrtbykzbz.jpg,0
oqpwiybzirgxxxlbvrag.jpg,0
oqqtesgyqbfwnlqxbxsp.jpg,1
oqxcfxggunvdlkqgfewi.jpg,1
ormzkpfuqxeunzmymvsi.jpg,0
orsjvvtslbnlgjuuiidg.jpg,1
orxrwoazqlltccbwglgi.jpg,0
otiknyskcxewyslgcaob.jpg,1
ougnvgqdibeipwnchnyl.jpg,1
ouqdjaohqyomtgadalkv.jpg,0
ouvahnqjkzyleiutzikt.jpg,0
ovdypvgqunuvsnjwhgio.jpg,0
ovncgmfqtlyxjyuvtbpt.jpg,0
oxreycouvsvrgwtdhpdh.jpg,1
oxvalbmdruepdvalmovq.jpg,1
oxvomhuybxqqyzuvjmlc.jpg,0
oyhrnzmcrjovzsuhczdy.jpg,1
oyiqmplsgivhxcrlsgio.jpg,0
oylpywpwgobocnawyaed.jpg,0
oyoqyxxcamqusinxplmp.jpg,1
oyqwnffhendlwjcyjdyz.jpg,1
ozhzrlikcoouivnfuthl.jpg,0
ozungexywdyyardbukbs.jpg,1
pcysghicikpolzsztwma.jpg,1
pdjfnlcgxzzdvvolukiy.jpg,0
pedazzvqyytjhpduouvo.jpg,1
pfxytdyeduqgiwwspztn.jpg,0
pgobnitmnqrgmcwduzeq.jpg,0
pgpebcnbvlknfplzqxxx.jpg,1
pgyswjixhnotvoewligc.jpg,0
phxtxhkopniorhptahbf.jpg,1
pinxoiwvpevdnbcvhwei.jpg,0
pjsbflucfhbdafpiabij.jpg,0
pklcqngsfvrttsspwsjn.jpg,0
pknxzenryjooustiawmw.jpg,1
pkzzsjpmmzeegcrqttsr.jpg,0
plpuqqqijvodtyezypzf.jpg,0
plrgukhhquwtlqihygth.jpg,0
pmtfrejwdtzjnyshfiht.jpg,0
pnkzahzacatlptcluvod.jpg,0
poaoduufrleadyyvvfhh.jpg,0
posbdkmyezbyzduhutsn.jpg,1
powqsnpoynygwqsciedp.jpg,1
ppuoksjdrsqkusnzqsnk.jpg,0
pqcqnfmvenruswzzclcl.jpg,0
provwyubupyqckderddu.jpg,0
puffrdoqktbmqmfdwvln.jpg,0
pvnfpiyrwyaxpcuzmppf.jpg,1
pvylcugzviwaxrilergy.jpg,1
pxxrokikiylopjuplxmc.jpg,0
pzalatwvifegnofcxafg.jpg,0
qaxwelpmkvdrevguaukl.jpg,0
qbswzsfmdsinrjrfmczi.jpg,0
qdmcexhzmycvwarmdzic.jpg,0
qejvwybanfltsrksevdp.jpg,0
qfprwyjlgycejeypfrka.jpg,1
qfqqwsquirjhzmjrjkzv.jpg,1
qfyvmxkfpofeknuginpe.jpg,0
qgbmftqqbjhbnwgpqfcv.jpg,0
qgmidwyyesltvnpozkfd.jpg,0
qgsnyemntqeimlamvmjx.jpg,0
qhhpekntxvggqqrjeezu.jpg,1
qhidvpjjnvoiosfthzsu.jpg,0
qhwklybmfcyksvddsgye.jpg,1
qianymzyrxhvfsdavpcc.jpg,0
qiqmeorgjqjqpjvaovtg.jpg,0
qjytvtdkfmscqclykobd.jpg,1
qkbbjxtyvwctdyrlvyit.jpg,1
qkvrxzjvtigbmljxbrda.jpg,1
qlquqfqamdiaolxchcht.jpg,1
qnsjzywzoxvejgewkzdj.jpg,1
qonypesvckwgrampchzp.jpg,0
qqbkigcidkthehovngqu.jpg,0
qrlnhrbsdvsxcwfgjghi.jpg,0
qszghitfrlrvipliozxl.jpg,0
qtrksiuykhyzislhxxug.jpg,0
qutogpwuagkheqvamzws.jpg,0
qwhvkcwctjllkdxaycvj.jpg,0
qxdhtkagyebqoahislzb.jpg,1
qxkkmdcvgvegzgwcvuep.jpg,0
qxmsgghcckelkadxoyih.jpg,0
qyggvfumwxvmzprwnmfq.jpg,0
qyyrtnstekhhazzzjllu.jpg,0
qzkvfqhatimkyhyxhazi.jpg,1
qzwkbwnilmhhrbsivwmr.jpg,0
rarwedwkgivamorvmpbq.jpg,1
rdmfxdkrfidwlfydbxmt.jpg,1
rdqmlrqscqxevtllbwpl.jpg,0
rfamaiitioqpheoclvmr.jpg,1
rflvceijlrviwomeqicx.jpg,0
ripbazdlcizcxqppvwnk.jpg,0
rkhqlpojvtyxeircfmnt.jpg,0
rkhvxagrlegvhbnpyymx.jpg,0
rlqbmonstfhqqdlmivhc.jpg,0
rlswkrrqojpdxkhyuemo.jpg,1
rnjxztjaebtpvegoizvl.jpg,0
rnxdywbwepqokhbteslv.jpg,1
rotatyptdlbhvgylappa.jpg,0
rpsebdqhvkmenufcndcy.jpg,1
rrckhsctqancuwhsqvzd.jpg,0
rrsickunxytydkehlwmv.jpg,0
rtpipsednylovebdtzsj.jpg,0
rttdpbqxspblulrpnvtu.jpg,0
rwecytvaiyxvxetsruyj.jpg,0
saezmcjcnbosnrcfqcbe.jpg,1
sayzffvvevfqhcvbidcl.jpg,0
scjzwejgqzznlevtgyik.jpg,1
scvsaetihhugavvgpluw.jpg,0
sgbkxfjobrbuqdaoejyx.jpg,1
shdqypkzqxifywqykdgw.jpg,1
shvqgakhgrcixysuhkly.jpg,0
sjkqrzjunpnxqugfzbyu.jpg,0
slyhtrmmtgesklplvmsh.jpg,0
snehzthkthgivzbenyom.jpg,0
snmsfhhflrbuquytirqu.jpg,0
sqwvuwyasmwxlapymatm.jpg,1
srdgrdpwyzzwaqlmgsta.jpg,1
srldvfcqyidfrxuzital.jpg,1
stwkwmxwuuwomvdrimoq.jpg,0
stzlxqyhnrmajkacdtjw.jpg,0
svfpugvdnwcvcnbhrrqp.jpg,0
sxycngmpjaxdmnvasgny.jpg,0
szvimaajqfkciifhdqgx.jpg,0
taigfzgimihtnfmbukho.jpg,0
takdddybcsdawxhfoamw.jpg,1
takfibxfjsqrcionbhuf.jpg,0
tampppyippgqlukisrji.jpg,0
tcmiukyiyofececqheyk.jpg,0
tdkyminsnnhvwtlrklvt.jpg,1
tejucwwygtvurdktlhew.jpg,1
temrobqglynurielufzu.jpg,0
teqkbajpzrcmlnziwlne.jpg,0
terobhtbllgmsdektxtv.jpg,0
tesvzdjilqsprrsznlou.jpg,1
tficyxerrjzrpglgdkkt.jpg,1
tfzvpknvxbsfnlzfctrb.jpg,0
thmvbryzowwcnnorjfjo.jpg,1
tjihzpujuvatpiothyfq.jpg,1
tjuxfnnsglwyajgdzrzx.jpg,0
tmzsghbqkeavanlwhppi.jpg,0
tntgmzocxobxrecwwamr.jpg,0
toetlhhhkggxuzavicna.jpg,0
tosyximecghajwopeoid.jpg,1
tpkcsfgpkutpyorbxnma.jpg,0
tsvepqybltwdvahbwbek.jpg,0
turudimbdmpzwxilfnwj.jpg,0
tuxqnzvivmiqjlarexno.jpg,0
twunnccwoidcyrahvhcs.jpg,1
tymqqgxnfaewztpyursx.jpg,1
tyueqyhoxyuzcjbqrwmh.jpg,0
tyvazezsavrwmsocrdeh.jpg,1
ublwpvebzhxzcvdtqbty.jpg,0
ueplhnddcezkfqkareaj.jpg,1
uhtokkrvkvxscwnmhwjt.jpg,1
uibemuqrejkispjiiqmr.jpg,1
ujdzmgljccipesiitbfv.jpg,0
ulbpgbxvkirnmjehtnlp.jpg,0
umpzypxrahlnrokpnkud.jpg,1
uncyswkmadvcrtdgwiow.jpg,0
uodfjeaxvfimdhaocdeo.jpg,1
uphhuntozyqkvkfzeabp.jpg,1
upyzddyatyfgmnnystms.jpg,0
uqeusovutdtulnjdoyjs.jpg,0
uqzwrcphhirwuywedple.jpg,0
utarqpgkfxuxgohvplco.jpg,1
utghmwlqufvjsomovafc.jpg,0
uuzcwdbxcvhwvdqypala.jpg,0
uvrujzuyrklrsokmgmnc.jpg,1
uwnyyxsoakydzeqyqnfn.jpg,0
uxjijcbfdjuaigagwcti.jpg,0
uxmolaogrvqzglejtkgh.jpg,1
uxmwqrmxqzzscovwmugm.jpg,1
uxyboavqtehaqggpjvyx.jpg,1
uyfsostetgyrzbmqzear.jpg,0
uygmcrhthvvbwvficuzc.jpg,0
uyyibksdoladackffuyc.jpg,0
uzfngwgctbjzcgfpoejl.jpg,0
uzpgixzodjkaqakxzxgu.jpg,0
uzppblgcsjrwhgofcmig.jpg,1
vanwhmqwcyfmvglucxgm.jpg,0
vaqkyulwhjpifjazqrio.jpg,1
vcklrzpxtpbtdqkewofr.jpg,0
vctklgmnfwxkrbyfobyh.jpg,1
vdmqcaqdxajizeytrrsl.jpg,0
vejafcwjxkurpomqsovw.jpg,0
veuaabtedwpjqzmpdpzy.jpg,1
vfyudylrqrfekkleucpp.jpg,0
vgfgnaoefsnubvojrkht.jpg,0
vghlzcssurwbdcoloyhr.jpg,0
vgnqpsrgfiqrsetnuslx.jpg,0
vgvmqgzubitqdomfzyjl.jpg,1
vgyjkojqnnjmqxxizgqh.jpg,1
vhbaucfjdvrxickkdhdo.jpg,0
vhxisycvtltwdxqzhqts.jpg,0
vikyyrpusucixvdzxutg.jpg,0
vjtmeqiiyipxlvosokml.jpg,1
vkponkspdyoraaxfxvkf.jpg,1
vkrxloogukbajrvmtmyh.jpg,0
vkryqewgmaqdngqlzwem.jpg,1
vlnaruiairwlovamrgeq.jpg,0
vmyqyqjaxkrgmaounuhg.jpg,1
vqeecepjmhsmfnpgftkz.jpg,1
vqfwbiftmdvanlbynqnu.jpg,0
vrjhycfslftcgakrrogl.jpg,0
vtxshuqhwpfzagutewcf.jpg,0
vunwvyjnagdgamsrzgin.jpg,0
vuqevysxiodvoafcjdvi.jpg,0
vxcjsxvaucfswhwpyqxk.jpg,0
vxftoxbznsysnbivltob.jpg,0
vxkvkimlynqoirsbhbel.jpg,1
vxmqkfejbreblavuambp.jpg,1
vyvswdfnqmphjqosmerr.jpg,1
vyxsrcohplvrmudpnqmp.jpg,1
waalqfipczmurqaumexv.jpg,0
waieruigtaggzpfjkbqc.jpg,1
waqqnowvfatdnfqvzcbq.jpg,0
wbgvxormngtwvwohlbhk.jpg,0
wbsqrhlolivbxdgsbpkr.jpg,1
wcawuumbmwrpvcywwmnh.jpg,1
wcibchbyuvghiabnvqvb.jpg,0
wcvbltzsszqtdmtjztfq.jpg,1
wemheoaobkwllgppzkit.jpg,0
wfoslemclduvkzoxlwmk.jpg,0
wgkjnvwwvbyckaefkvgp.jpg,1
whbvjjzmmghmeckbokhd.jpg,1
widhwywzsryxrbbyquxv.jpg,0
wjewerjwdylemrdfxygh.jpg,1
wjkuwoquxcqtvmwbydki.jpg,0
wlidfylvouxelivuksmy.jpg,0
wltivuiplhajqyumyyra.jpg,0
wogssxzpgfjsdziayudj.jpg,1
wpjhqkpoueiogrwwbhnq.jpg,0
wplixqwnhzqlslnldevw.jpg,0
wptzsuqauvnfpfrtcuqi.jpg,0
wqzgfswtmnpcsbnhinok.jpg,0
wrsiaxewxuvrmjidsaex.jpg,1
wthagqhnzfuwstaxcwya.jpg,0
wuytkfhwhpfpekirysaw.jpg,0
wuyvpufspjodhawbrxzu.jpg,1
wvkokgwubjwuukitdrst.jpg,0
wwwfzelsqmqfjqjxinlp.jpg,0
wyacqmyjcqhqawomulco.jpg,0
wyfgdwhrsnowonrpnavx.jpg,0
wysxlbiujiibbchhwapb.jpg,0
xbgkfqzykfmxqqsievng.jpg,1
xbnfubogtpmjmspxmtlh.jpg,0
xcailmpgaqsuhunnuucq.jpg,1
xdjyidcwdspajqwalmqx.jpg,0
xdnlytjobzhvmezmvipj.jpg,0
xebxsspphsjplkvhdohw.jpg,0
xfsfjbkckeflikjfqowy.jpg,1
xgrcgucfvphduvgsmcms.jpg,0
xiwpyqbppiguvkuelrha.jpg,0
xjzibwpysqxflunnzfoi.jpg,0
xndqcdqacdhlavpagghb.jpg,0
xnhvzrldpchzofmqscae.jpg,0
xovtrlfcjwaqoemypbdb.jpg,0
xpuexjkoopucdokdagqr.jpg,0
xqitcjqmoiivobcsyxbg.jpg,0
xsnxudwrofdmiccxkbtc.jpg,1
xtecwzztymuuwhelhrty.jpg,0
xtfamyirzcppadbqbejl.jpg,0
xtfqbvjwtdjncudtvkah.jpg,1
xtlqtisvmxilaetdrcjv.jpg,0
xvgrjpjibmzgazeukckb.jpg,0
xvytvkfcfyakwagknzog.jpg,0
xxhmssqarzypkvkmdmuu.jpg,1
xybmisgqvdmhyohfsgvp.jpg,0
xydojzhwjysqbfvydawq.jpg,1
xzhovvmaqcanfhzkojxu.jpg,1
xzzsxjidgbzjmxiaaxup.jpg,1
yafzwujidbwfbswaslnt.jpg,0
ycfelbjofjcwrifmwqpo.jpg,0
ycjkelmpkuiqfgpvuzgq.jpg,0
ydgbunvfjuqwtxyfclhg.jpg,0
yehmloyoxkvxgzcwkyhl.jpg,1
yezxkspwbkgnilxpjajy.jpg,0
ygzyhqxiewiojycjazrm.jpg,0
yhnjrejwtgrxkwwakzrz.jpg,0
yjlqzcypxrisycpzzzgr.jpg,1
yjxndxcuswuttumgzsbh.jpg,0
ylscxoakykslficumydl.jpg,1
ymxfayumlfjbtpixnrbf.jpg,0
ynguqrqlacopupwufqoj.jpg,0
ynssdembkfmhyroivcmy.jpg,0
ynuhlcrgncgzvfomescd.jpg,1
yophuxitcwszeuyyqmsp.jpg,0
ypcksyvojsxiikqwhaju.jpg,0
yqfndvwhpaprlvtybjxx.jpg,0
ytpekzxadmghmxvsekdy.jpg,1
yukosvxahjdwphyunwvw.jpg,0
yusmlkweyessdukglrgk.jpg,0
yviatxorgaavxcfvjaqu.jpg,0
yyhcjqacavipujxopzfm.jpg,0
yyqdsdvujtxxfvqzphml.jpg,0
yyqghnlnhrzqevvkzaks.jpg,1
yyqqvyskmawvtklbgpvr.jpg,0
zbxijoomsigvensfsiid.jpg,0
zclxenjwsqwqtnonluna.jpg,0
zcofkppkkwmgksbyrdlm.jpg,1
zcpbhmttuzafjymywuka.jpg,1
zdmnhnzsvaacogxplrtk.jpg,0
zebexjatyjjcekmdpexu.jpg,0
zecwhibsvhkuwhckmsng.jpg,0
zeiprsbgxajsvyicghul.jpg,0
zejoxtscjtmspffkwers.jpg,1
zfsncsynizjpfbuwrypp.jpg,0
zgpradiwtouawknlsshg.jpg,0
zipwndjttploxfdtnmzh.jpg,0
zkgcnjitxoizmbriaewd.jpg,0
zkgutmgmvaauddmxknfr.jpg,0
zlqgigkaelddfcwitaer.jpg,1
zlrzimffqptdondjglge.jpg,1
zmmilxfeicripvvkaoot.jpg,1
zmxhdvqgembadvepdmcz.jpg,1
znbijwdmepmaysbskjtx.jpg,0
zpjlbfhurhygjnqccpii.jpg,0
zrtxkpkmklvendfvzmhx.jpg,0
ztepcphiqcrjllkwozgj.jpg,1
zterdijbdgdtylwzgmap.jpg,0
ztnoxnohhqtgidcyvihi.jpg,0
zvavwunqimpeqmiahuxd.jpg,1
zwihjhyiqjrcsbyfwgdm.jpg,0
zxaoejaxlyrjqcvrjben.jpg,0
zxmhmmdojtrqcpzbfqmo.jpg,0
zyeduzrzwbsdfogyaeug.jpg,0
zyqqhnasbxwsbnbskifk.jpg,0
zytbqidsjtourxzyfasw.jpg,0
zzvskanujrkgxmzcqofh.jpg,0
